11,17.337,0
15,10.265,0
20,20.904,0
27,10.284,0
35,11.922,0
39,10.085,0
43,10.367,0
45,9.781,0
48,8.873,0
49,8.900,0
50,8.781,0
53,20.949,0
58,8.933,0
60,8.933,0
62,9.227,0
66,10.978,0
69,10.166,0
76,9.871,0
80,10.152,0
83,9.016,0
88,10.280,0
94,9.812,0
95,10.393,0
97,9.201,0
102,10.904,0
107,9.271,0
112,8.998,0
116,11.216,0
119,9.750,0
123,9.523,0
126,8.970,0
132,10.094,0
134,9.633,0
137,9.610,0
143,8.871,0
145,10.073,0
146,12.211,0
148,9.154,0
154,10.037,0
162,9.183,0
164,9.427,0
165,10.061,0
166,8.990,0
174,9.148,0
180,12.311,0
185,9.500,0
187,9.036,0
191,9.512,0
195,10.431,0
199,10.140,0
202,9.055,0
206,9.370,0
209,9.463,0
211,8.854,0
216,9.139,0
218,9.427,0
222,9.068,0
223,9.408,0
224,8.987,0
230,9.452,0
237,11.052,0
240,10.211,0
244,9.333,0
249,9.479,0
251,9.178,0
255,10.273,0
264,9.333,0
266,9.047,0
271,8.802,0
275,10.294,0
278,9.642,0
283,10.168,0
288,9.228,0
293,8.814,0
297,8.943,0
298,9.425,0
303,10.216,0
308,9.933,0
309,10.077,0
315,10.421,0
317,9.226,0
320,9.465,0
324,9.084,0
331,8.989,0
332,9.807,0
336,10.464,0
339,10.736,0
346,9.250,0
352,11.086,0
356,10.166,0
357,9.278,0
359,10.464,0
363,9.548,0
366,9.554,0
370,10.236,0
375,10.973,0
380,10.352,0
386,11.150,0
389,10.445,0
392,9.505,0
399,11.164,0
404,10.384,0
411,10.417,0
419,10.199,0
421,10.968,0
428,10.211,0
442,9.610,0
450,10.213,0
456,10.291,0
462,11.046,0
466,10.273,0
468,9.102,0
478,8.973,0
483,9.321,0
489,9.537,0
491,10.271,0
497,9.428,0
501,9.710,0
505,9.307,0
11,17.189,0
14,18.237,0
15,9.725,0
20,9.829,0
21,11.528,0
29,10.062,0
41,19.931,0
45,22.676,0
50,9.429,0
54,9.986,0
60,10.128,0
65,10.566,0
68,10.385,0
72,10.270,0
76,9.497,0
81,9.823,0
82,10.825,0
85,10.229,0
88,10.090,0
95,9.858,0
96,9.511,0
99,10.522,0
103,9.738,0
105,10.486,0
108,10.089,0
111,9.951,0
115,10.477,0
119,10.095,0
123,10.895,0
124,10.586,0
128,10.449,0
134,11.112,0
137,10.447,0
142,9.937,0
147,11.219,0
149,10.460,0
156,9.283,0
158,9.120,0
162,9.053,0
165,8.823,0
168,9.267,0
173,10.465,0
175,9.369,0
181,10.155,0
187,9.351,0
194,10.305,0
199,10.430,0
206,9.877,0
210,9.994,0
213,9.411,0
218,9.271,0
223,10.356,0
225,9.386,0
226,9.241,0
227,9.566,0
229,9.325,0
232,9.454,0
235,9.173,0
237,9.112,0
242,10.516,0
243,10.150,0
249,10.090,0
256,9.858,0
257,9.534,0
260,10.048,0
265,9.781,0
270,9.383,0
273,9.047,0
277,10.237,0
281,10.225,0
288,10.007,0
294,9.258,0
298,10.430,0
303,9.578,0
307,11.190,0
311,10.147,0
315,11.099,0
320,10.324,0
323,9.476,0
328,9.333,0
336,10.137,0
341,9.627,0
346,9.735,0
347,10.374,0
350,9.462,0
352,9.308,0
356,9.272,0
361,10.436,0
362,10.058,0
367,9.479,0
372,10.364,0
377,9.630,0
379,9.213,0
382,10.532,0
383,9.302,0
388,9.105,0
396,8.999,0
401,10.203,0
406,13.396,0
408,9.511,0
409,9.386,0
412,10.520,0
417,9.257,0
421,9.197,0
428,10.347,0
436,9.683,0
444,10.606,0
448,9.622,0
452,9.632,0
460,10.447,0
464,10.506,0
469,11.447,0
470,10.871,0
475,9.587,0
484,9.429,0
489,10.474,0
494,10.506,0
498,9.858,0
503,10.399,0
508,11.233,0
11,16.952,0
15,17.016,0
19,8.759,0
23,10.419,0
28,10.106,0
29,18.399,0
30,8.963,0
33,14.592,0
36,12.348,0
40,31.871,0
46,10.443,0
51,9.245,0
56,11.128,0
61,9.622,0
66,10.274,0
70,9.170,0
73,9.069,0
75,9.034,0
84,9.968,0
89,10.282,0
90,10.988,0
94,10.309,0
98,9.828,0
100,9.210,0
104,9.244,0
105,8.889,0
109,10.427,0
112,9.346,0
117,10.237,0
119,9.454,0
124,10.078,0
129,10.809,0
138,9.431,0
142,10.137,0
144,9.837,0
147,9.518,0
152,10.378,0
157,9.830,0
158,9.096,0
162,10.205,0
169,9.526,0
178,10.740,0
183,11.712,0
190,10.434,0
192,9.746,0
193,9.557,0
195,9.782,0
198,10.599,0
201,9.931,0
206,9.558,0
210,10.350,0
215,9.970,0
217,9.581,0
220,9.099,0
225,9.198,0
228,9.197,0
231,9.225,0
236,11.058,0
240,11.082,0
245,10.240,0
251,10.031,0
253,9.758,0
257,9.912,0
259,9.190,0
264,10.399,0
269,9.373,0
270,8.992,0
276,10.414,0
280,9.759,0
284,9.311,0
286,9.274,0
291,10.499,0
295,10.153,0
299,9.538,0
300,9.598,0
306,11.042,0
311,10.993,0
314,11.145,0
317,9.369,0
321,9.635,0
323,9.866,0
328,10.406,0
329,10.345,0
330,9.929,0
334,11.112,0
339,9.414,0
343,10.433,0
345,10.563,0
352,10.056,0
356,9.932,0
359,9.518,0
361,9.353,0
365,9.663,0
367,9.294,0
372,10.228,0
375,10.482,0
377,9.249,0
380,10.608,0
382,10.028,0
385,10.693,0
388,9.922,0
389,9.536,0
393,9.704,0
395,10.479,0
399,10.183,0
402,9.870,0
405,10.594,0
410,10.119,0
414,10.473,0
418,10.602,0
419,9.547,0
423,9.489,0
429,9.196,0
435,10.563,0
438,11.007,0
439,9.583,0
445,10.350,0
450,10.635,0
453,10.552,0
459,9.814,0
464,9.182,0
468,9.300,0
472,10.545,0
476,10.061,0
480,9.806,0
483,10.276,0
488,10.826,0
494,10.202,0
504,9.781,0
11,18.474,0
16,10.777,0
20,9.491,0
24,10.294,0
30,23.634,0
36,10.217,0
39,10.172,0
42,9.314,0
44,10.053,0
45,9.008,0
47,9.336,0
52,10.140,0
56,10.100,0
57,9.846,0
66,10.396,0
70,10.170,0
75,9.877,0
77,10.299,0
78,10.345,0
79,10.196,0
84,10.065,0
90,10.305,0
94,10.254,0
96,9.782,0
98,9.179,0
101,10.394,0
105,10.614,0
110,9.722,0
113,9.858,0
119,10.925,0
122,9.232,0
126,10.491,0
131,12.408,0
135,11.026,0
141,9.798,0
146,9.733,0
151,11.675,0
154,10.601,0
162,10.923,0
166,9.994,0
172,10.518,0
175,10.451,0
181,9.114,0
188,10.235,0
193,10.078,0
194,9.589,0
198,9.115,0
203,10.383,0
205,9.948,0
207,9.879,0
210,9.493,0
215,10.137,0
216,9.950,0
219,9.745,0
222,9.449,0
225,10.716,0
227,11.052,0
235,9.295,0
240,10.167,0
244,9.385,0
245,8.985,0
250,10.070,0
254,9.236,0
256,9.588,0
258,11.227,0
262,9.979,0
267,10.541,0
272,11.013,0
277,9.960,0
281,10.053,0
283,9.381,0
287,10.720,0
292,11.669,0
296,10.355,0
300,9.294,0
306,10.364,0
309,10.292,0
313,10.668,0
319,9.431,0
323,10.911,0
324,9.829,0
329,9.465,0
335,10.323,0
338,9.692,0
348,10.545,0
353,9.587,0
358,10.481,0
360,10.535,0
364,9.557,0
366,9.647,0
371,9.137,0
373,9.383,0
377,9.595,0
378,9.422,0
380,10.507,0
387,9.416,0
391,10.628,0
392,11.219,0
401,9.344,0
404,10.185,0
410,10.542,0
412,10.969,0
417,9.664,0
420,9.411,0
424,10.325,0
430,10.400,0
436,9.776,0
441,9.307,0
449,9.527,0
455,9.996,0
460,11.343,0
466,9.404,0
471,10.595,0
475,9.697,0
481,10.569,0
486,10.519,0
494,10.408,0
500,10.403,0
505,10.254,0
509,10.005,0
11,15.198,0
14,9.812,0
16,25.898,0
20,11.774,0
24,10.645,0
29,10.904,0
35,10.233,0
41,10.114,0
46,9.683,0
51,9.924,0
53,17.853,0
57,9.085,0
59,9.349,0
65,10.133,0
70,10.284,0
71,10.390,0
76,9.624,0
81,10.081,0
87,9.478,0
91,9.495,0
97,9.357,0
101,10.735,0
102,9.840,0
105,10.288,0
108,10.231,0
114,9.857,0
115,10.186,0
117,9.983,0
121,10.819,0
125,10.382,0
128,9.657,0
132,10.713,0
138,10.433,0
139,9.714,0
141,9.720,0
146,10.134,0
150,10.508,0
157,9.825,0
159,9.947,0
162,10.052,0
167,9.815,0
169,8.876,0
174,11.044,0
175,10.409,0
177,10.064,0
183,9.475,0
186,9.363,0
188,9.399,0
193,9.066,0
196,9.465,0
201,9.118,0
207,9.218,0
211,10.373,0
214,9.429,0
215,9.475,0
218,9.490,0
223,10.019,0
229,9.623,0
232,9.285,0
240,10.399,0
242,9.727,0
245,9.437,0
249,11.828,0
252,10.627,0
259,9.947,0
263,9.027,0
268,8.933,0
272,10.386,0
274,10.272,0
280,11.107,0
284,11.087,0
289,9.513,0
290,9.656,0
297,9.111,0
303,9.178,0
307,10.246,0
311,9.402,0
313,9.533,0
321,10.287,0
322,10.191,0
324,9.850,0
330,9.388,0
335,10.238,0
338,11.118,0
343,9.365,0
345,9.782,0
350,10.450,0
355,10.075,0
360,11.145,0
365,11.576,0
370,10.462,0
378,9.679,0
386,10.078,0
394,10.566,0
396,10.395,0
402,10.615,0
408,9.612,0
418,10.959,0
423,9.452,0
430,10.812,0
432,9.280,0
438,9.882,0
443,9.542,0
447,9.843,0
453,10.255,0
460,10.340,0
467,9.952,0
476,10.426,0
483,10.582,0
485,11.156,0
495,9.364,0
504,10.358,0
11,18.833,0
13,15.854,0
17,18.079,0
19,9.665,0
24,9.337,0
35,9.088,0
39,9.709,0
40,19.146,0
44,8.791,0
49,10.074,0
54,10.539,0
57,9.375,0
61,10.538,0
65,9.260,0
71,9.905,0
74,9.272,0
76,8.887,0
81,9.025,0
85,11.006,0
89,9.205,0
93,8.960,0
99,8.937,0
100,9.249,0
102,8.865,0
106,10.339,0
116,12.106,0
118,10.349,0
122,9.185,0
126,10.287,0
129,9.296,0
131,9.177,0
137,11.227,0
140,11.732,0
144,9.612,0
145,10.334,0
151,9.859,0
155,9.315,0
163,11.397,0
168,11.957,0
173,10.370,0
174,9.948,0
176,9.618,0
180,10.874,0
183,10.174,0
189,9.902,0
194,9.732,0
198,10.773,0
203,9.273,0
204,9.151,0
208,10.047,0
210,9.294,0
212,9.065,0
213,9.017,0
218,10.422,0
222,12.128,0
227,9.999,0
230,10.160,0
237,9.434,0
241,13.684,0
245,10.352,0
249,9.666,0
253,10.333,0
258,10.397,0
261,9.669,0
265,10.728,0
268,10.686,0
275,9.543,0
280,10.425,0
283,10.060,0
289,10.523,0
294,9.290,0
298,10.702,0
303,10.383,0
309,9.541,0
310,9.096,0
316,9.796,0
323,9.946,0
324,9.321,0
329,9.715,0
330,9.896,0
333,9.733,0
338,11.093,0
344,10.477,0
346,10.753,0
347,10.191,0
351,10.294,0
355,10.225,0
357,9.867,0
359,9.605,0
363,11.107,0
369,10.051,0
376,10.509,0
377,9.655,0
378,9.694,0
381,9.253,0
382,9.796,0
384,9.805,0
385,9.210,0
389,11.306,0
394,10.522,0
399,9.448,0
401,9.287,0
406,9.410,0
407,9.225,0
410,9.580,0
412,9.784,0
414,9.687,0
418,10.902,0
419,11.211,0
421,10.440,0
427,10.850,0
432,9.293,0
434,9.604,0
438,9.199,0
442,11.027,0
446,10.442,0
450,10.006,0
453,9.714,0
458,10.515,0
463,10.233,0
467,9.411,0
474,9.493,0
478,9.477,0
483,10.435,0
484,11.327,0
487,10.118,0
489,10.504,0
498,9.655,0
504,9.576,0
506,9.961,0
510,9.264,0
11,16.409,0
15,26.308,0
19,11.925,0
22,10.695,0
34,10.758,0
37,10.316,0
42,13.317,0
43,11.554,0
44,11.351,0
50,11.382,0
54,11.326,0
58,11.078,0
59,10.855,0
63,12.398,0
65,10.953,0
67,10.852,0
71,12.994,0
77,10.686,0
82,16.262,0
86,10.715,0
90,10.394,0
93,24.437,0
97,10.025,0
102,12.212,0
106,11.808,0
107,11.021,0
110,12.265,0
113,11.749,0
120,12.168,0
124,11.376,0
126,10.965,0
128,9.948,0
134,10.150,0
139,9.954,0
142,10.710,0
144,10.020,0
152,9.610,0
157,10.435,0
158,9.934,0
159,11.006,0
165,9.134,0
169,9.464,0
172,10.114,0
174,9.699,0
180,9.291,0
186,10.613,0
192,10.410,0
196,9.982,0
200,9.201,0
205,9.275,0
209,10.572,0
214,10.214,0
218,9.943,0
222,11.214,0
227,10.260,0
230,10.122,0
236,11.107,0
238,9.516,0
243,9.521,0
248,10.913,0
253,10.229,0
258,9.784,0
262,10.411,0
270,10.263,0
273,9.945,0
282,9.412,0
288,10.435,0
293,10.315,0
298,9.451,0
311,10.086,0
318,9.268,0
322,9.111,0
325,10.867,0
328,10.551,0
331,10.012,0
335,9.534,0
336,9.618,0
341,10.684,0
349,10.255,0
355,9.504,0
360,9.374,0
364,9.741,0
370,10.587,0
375,10.202,0
383,10.155,0
388,9.632,0
394,10.528,0
398,10.411,0
403,10.049,0
409,10.008,0
414,9.660,0
416,9.281,0
421,9.210,0
428,9.236,0
434,9.429,0
437,10.454,0
443,11.006,0
445,9.678,0
449,10.668,0
454,10.370,0
456,10.076,0
461,10.295,0
464,9.580,0
466,10.363,0
470,10.437,0
475,9.702,0
482,10.440,0
486,11.530,0
492,10.715,0
498,10.627,0
500,9.478,0
504,10.376,0
506,9.619,0
11,16.764,0
13,15.681,0
17,20.572,0
18,10.784,0
24,10.343,0
28,9.286,0
34,11.112,0
38,12.233,0
44,9.440,0
49,10.546,0
53,9.580,0
58,10.352,0
64,11.500,0
69,10.673,0
73,12.779,0
78,9.058,0
81,9.949,0
89,9.576,0
92,13.013,0
95,12.380,0
97,11.107,0
101,12.370,0
103,9.616,0
106,10.326,0
107,9.750,0
112,9.461,0
115,10.111,0
117,9.259,0
118,9.066,0
121,9.005,0
125,10.315,0
129,9.163,0
133,9.263,0
138,10.502,0
145,9.287,0
150,11.634,0
155,9.753,0
157,9.099,0
163,10.284,0
167,16.677,0
172,17.878,0
178,9.239,0
181,10.245,0
183,10.589,0
188,9.971,0
190,9.422,0
193,9.112,0
196,9.002,0
202,10.423,0
205,10.261,0
206,9.485,0
210,10.171,0
215,9.496,0
218,12.083,0
224,9.497,0
229,14.544,0
230,10.560,0
234,10.272,0
238,9.664,0
244,10.253,0
249,9.208,0
250,9.600,0
256,11.111,0
262,9.932,0
266,10.323,0
270,9.959,0
276,11.073,0
277,10.277,0
280,10.221,0
283,9.936,0
284,9.789,0
289,10.010,0
299,10.788,0
302,10.251,0
308,9.363,0
309,9.195,0
314,9.128,0
318,9.127,0
319,9.700,0
324,10.422,0
325,10.455,0
331,10.974,0
334,10.187,0
337,10.322,0
340,11.099,0
342,10.354,0
344,10.468,0
351,10.216,0
356,10.055,0
357,10.219,0
362,10.112,0
364,10.291,0
371,9.408,0
376,10.197,0
377,9.978,0
380,10.438,0
385,9.535,0
388,9.598,0
393,10.503,0
398,9.397,0
402,10.405,0
407,9.295,0
412,10.389,0
416,10.369,0
422,9.545,0
425,9.601,0
433,10.396,0
440,9.568,0
441,9.691,0
445,10.468,0
449,10.590,0
453,10.021,0
459,9.655,0
466,9.490,0
470,10.287,0
471,10.421,0
473,10.757,0
480,11.468,0
485,10.279,0
490,9.720,0
497,11.069,0
502,11.135,0
504,10.337,0
507,9.625,0
11,17.059,0
13,16.983,0
17,21.133,0
19,10.210,0
35,18.608,0
40,10.386,0
42,9.731,0
47,9.080,0
52,10.692,0
57,10.666,0
62,9.378,0
64,9.287,0
70,10.705,0
78,9.247,0
82,9.670,0
84,9.285,0
88,10.297,0
89,10.204,0
93,9.783,0
98,9.354,0
101,9.055,0
109,10.072,0
115,11.010,0
120,9.371,0
123,9.317,0
133,9.424,0
140,8.877,0
145,10.165,0
149,9.414,0
151,8.864,0
159,9.629,0
162,9.031,0
168,10.608,0
172,10.113,0
175,9.640,0
180,10.193,0
186,10.015,0
190,9.369,0
194,10.124,0
195,9.927,0
196,10.018,0
200,9.352,0
202,9.101,0
206,10.078,0
208,11.015,0
213,9.547,0
215,9.835,0
219,10.315,0
223,9.656,0
225,10.103,0
234,9.276,0
237,9.253,0
243,9.327,0
248,10.127,0
252,9.483,0
257,10.325,0
263,10.403,0
270,9.914,0
274,10.117,0
279,9.984,0
283,9.477,0
287,10.225,0
295,9.269,0
297,9.409,0
303,10.079,0
307,10.265,0
311,10.375,0
315,9.219,0
319,9.940,0
327,10.526,0
330,10.032,0
333,9.227,0
343,10.012,0
348,9.445,0
353,9.583,0
358,10.267,0
363,10.581,0
364,10.076,0
369,9.400,0
375,9.466,0
384,10.238,0
388,9.494,0
394,10.188,0
401,9.455,0
407,9.362,0
412,10.316,0
416,10.434,0
423,12.035,0
426,10.396,0
430,9.431,0
434,9.320,0
439,10.460,0
440,10.003,0
446,9.428,0
447,9.371,0
453,10.562,0
465,9.376,0
466,9.452,0
471,10.370,0
473,9.590,0
477,9.231,0
481,10.388,0
487,10.157,0
495,9.662,0
504,10.309,0
508,11.108,0
