11,15.462,0
14,42.094,0
18,16.501,0
20,18.947,1
22,10.410,0
35,8.610,0
37,8.918,0
42,8.757,0
43,8.786,0
48,8.691,0
49,8.381,0
55,8.591,1
57,10.808,0
59,8.396,0
60,8.379,0
62,8.627,0
63,8.323,0
71,8.690,0
75,8.356,0
79,8.626,0
84,8.839,1
86,11.505,0
87,8.692,0
92,8.413,0
97,8.660,0
103,8.463,0
111,8.657,1
112,11.977,0
115,8.478,0
118,8.425,0
121,8.384,0
125,8.330,0
131,9.108,0
135,8.563,1
139,12.509,0
143,8.516,0
144,8.350,0
149,8.484,0
150,8.404,0
155,8.537,0
163,8.807,0
164,8.582,0
167,8.847,1
172,13.091,0
176,8.656,0
180,8.436,0
185,8.426,0
189,8.464,0
194,8.633,0
200,8.481,0
204,8.627,1
206,11.749,0
211,8.650,0
216,8.766,0
219,8.400,0
223,8.647,0
226,8.523,0
232,8.657,1
237,13.829,0
242,8.446,0
248,8.374,0
250,8.504,0
254,8.486,0
258,8.458,0
263,8.479,0
269,8.530,0
272,8.647,0
273,8.436,0
279,8.501,0
280,8.487,0
284,8.597,1
289,15.101,0
293,8.738,0
294,8.418,0
295,8.809,0
297,8.456,0
301,8.478,0
302,8.619,0
308,8.738,0
319,8.429,0
326,9.379,0
331,8.918,0
335,8.659,1
339,13.738,0
343,8.878,0
348,8.687,0
350,8.455,0
354,8.720,0
357,8.776,0
359,8.579,0
366,8.543,0
372,8.809,1
377,13.107,0
381,8.458,0
383,8.533,0
386,8.449,0
391,8.778,0
392,8.536,0
398,8.740,0
402,8.497,0
406,8.508,0
408,8.913,0
410,8.456,0
419,8.659,0
423,8.510,0
424,8.599,0
427,8.641,0
428,8.562,0
432,8.882,1
437,15.029,0
441,8.543,0
446,8.513,0
448,8.446,0
453,8.535,0
455,8.583,0
461,8.572,0
462,8.466,0
464,8.518,0
468,8.434,0
472,8.572,0
479,8.552,0
485,8.659,0
489,8.633,0
495,8.501,0
498,8.586,0
499,8.667,0
503,8.562,0
507,8.604,0
11,28.158,0
15,16.799,0
21,8.673,0
23,8.735,1
26,10.585,0
27,8.681,0
32,8.870,1
36,10.683,0
39,8.622,0
41,8.307,0
48,8.482,0
51,8.382,0
59,8.399,0
66,8.525,1
69,11.388,0
72,8.560,0
76,8.803,0
77,8.498,0
82,8.434,0
84,8.709,1
91,11.225,0
94,8.753,0
99,8.654,0
105,8.384,0
108,8.503,0
113,8.588,0
119,8.721,1
125,11.919,0
132,8.424,0
136,8.440,0
142,8.582,1
146,12.252,0
149,8.411,0
152,8.515,0
153,8.850,0
158,8.547,0
161,8.356,0
166,8.740,0
169,9.111,0
170,8.518,0
176,9.004,1
185,12.249,0
186,8.542,0
193,8.539,0
201,8.444,0
205,8.554,0
208,8.612,0
213,8.775,0
218,8.739,0
220,8.850,0
223,8.539,0
227,8.785,1
231,11.734,0
235,8.403,0
242,8.469,0
248,8.584,0
256,8.507,0
259,8.498,0
263,8.539,1
267,12.390,0
271,8.543,0
277,8.643,0
281,8.454,0
286,8.637,0
288,8.525,0
292,8.484,0
295,8.414,0
296,8.868,0
302,8.981,0
309,8.628,0
310,8.457,0
314,8.568,0
319,8.916,0
320,8.607,0
324,8.562,0
325,8.643,0
331,9.081,0
333,8.528,0
340,8.968,1
345,16.189,0
351,8.764,0
356,8.562,0
361,8.860,0
363,8.581,0
367,8.639,0
371,8.565,0
376,8.525,0
382,8.894,0
388,8.568,0
390,8.985,1
392,13.189,0
396,8.379,0
402,8.552,0
408,8.842,0
412,8.570,0
417,8.592,0
420,8.902,0
427,8.467,0
430,8.714,0
437,8.954,1
442,14.418,0
454,8.743,0
460,8.760,0
468,9.325,0
473,9.054,0
478,8.627,0
480,8.574,0
484,8.913,0
488,8.645,0
493,8.683,0
499,8.990,0
500,8.616,0
504,8.631,0
508,8.844,1
509,15.884,0
11,14.347,0
13,19.850,0
17,27.227,0
18,8.347,0
24,8.271,0
28,8.437,1
34,11.610,0
39,8.449,0
42,8.437,0
48,8.490,1
54,14.810,0
59,8.447,0
61,8.381,0
66,8.382,0
67,8.391,0
72,8.501,0
78,8.510,1
83,12.309,0
84,8.203,0
85,8.764,0
87,8.335,0
90,8.717,0
94,8.380,0
95,8.693,0
98,8.644,0
101,8.465,0
107,8.327,0
112,8.710,1
116,12.378,0
124,8.818,0
132,8.756,0
140,8.411,0
145,8.765,1
151,11.828,0
156,8.663,0
160,8.502,0
166,8.408,0
168,8.409,0
173,8.787,1
174,13.147,0
180,8.453,0
186,8.408,0
192,8.366,0
194,8.331,0
195,8.484,0
196,8.389,0
199,8.418,0
200,8.782,1
203,12.034,0
212,8.243,0
218,8.302,0
222,8.747,0
225,8.489,0
229,8.677,0
233,8.598,1
240,13.310,0
242,8.580,0
248,8.452,0
250,8.441,0
254,8.745,0
258,8.511,0
264,8.451,0
266,8.547,0
268,8.392,0
272,8.906,0
275,8.479,0
282,8.691,1
286,12.315,0
293,8.695,0
299,8.450,0
302,8.406,0
306,8.396,0
309,8.437,0
315,8.735,0
316,8.477,0
323,8.505,0
328,8.770,0
335,8.785,0
336,8.764,0
339,8.800,1
344,14.633,0
346,8.412,0
352,8.455,0
353,9.146,0
355,8.718,0
360,8.515,0
369,8.441,0
371,8.426,0
374,8.598,0
378,8.734,0
389,8.435,0
394,8.747,0
400,8.758,0
414,8.881,0
430,8.484,0
447,8.836,0
455,8.592,0
462,8.725,1
465,18.401,0
472,8.546,0
476,8.441,0
480,8.439,0
495,8.838,0
500,8.497,0
11,15.829,0
13,16.711,0
17,17.278,0
19,8.036,0
35,8.247,1
38,10.390,0
42,8.286,0
46,16.941,0
48,8.300,0
55,8.650,1
61,19.874,0
62,8.426,0
66,8.494,0
70,8.467,0
71,8.408,0
75,8.439,1
78,11.259,0
83,8.699,0
87,8.473,1
90,10.877,0
96,8.503,0
100,8.708,0
106,8.768,1
110,11.232,0
111,8.882,0
116,8.386,0
121,8.787,0
127,8.472,0
131,8.921,1
134,11.879,0
135,8.481,0
138,8.418,0
139,8.445,0
143,8.398,0
149,8.485,0
151,8.492,0
157,8.452,0
159,8.442,0
165,8.617,1
168,12.087,0
174,9.311,0
175,8.524,0
177,8.419,0
183,8.800,0
188,8.684,0
193,8.741,1
194,11.805,0
201,8.353,0
206,8.406,0
211,8.626,0
219,8.677,0
224,8.748,0
234,8.865,1
237,14.149,0
242,8.545,0
246,8.461,0
251,8.410,0
253,8.481,0
260,8.572,0
268,8.744,0
273,8.702,0
278,8.673,0
282,8.496,0
286,8.695,1
289,14.112,0
291,8.883,0
297,8.624,0
299,8.724,0
303,8.469,0
315,8.835,0
323,8.789,0
330,8.437,0
339,8.722,0
342,8.702,0
353,8.850,0
359,8.530,0
369,12.030,0
377,8.762,1
384,15.901,0
398,8.511,0
402,8.456,0
419,8.539,0
424,8.746,0
438,8.463,0
442,8.540,0
456,8.852,0
460,8.422,0
475,8.764,0
480,8.750,0
497,8.490,0
499,8.842,0
11,14.319,0
14,15.908,0
18,8.249,0
20,8.305,1
24,10.665,0
35,8.039,0
40,8.438,0
44,23.400,0
46,8.294,0
50,17.134,0
53,8.328,0
55,8.530,0
61,8.955,1
65,11.541,0
70,8.382,0
74,8.431,0
80,8.571,1
84,11.638,0
89,8.378,0
93,8.776,0
99,8.552,0
101,8.349,0
102,8.347,0
106,8.746,1
110,11.615,0
115,8.783,0
116,8.402,0
122,8.674,0
124,8.439,0
127,8.672,0
132,8.726,1
133,10.997,0
134,8.417,0
136,8.654,0
141,8.547,0
145,8.625,0
152,8.602,0
154,8.588,0
158,8.452,0
162,8.722,1
167,13.108,0
172,8.384,0
176,8.820,0
181,8.649,0
185,8.661,0
187,8.411,0
191,8.698,1
193,12.475,0
196,8.863,0
200,8.618,0
205,8.618,0
207,8.487,0
208,8.911,0
213,8.630,0
218,9.051,0
224,8.566,0
226,8.536,0
231,8.716,1
235,12.001,0
241,8.428,0
242,8.710,0
244,8.452,0
249,8.443,0
253,8.809,0
257,8.480,0
262,8.898,1
267,12.391,0
271,8.726,0
277,8.409,0
279,8.523,0
280,8.393,0
286,8.725,0
294,8.459,0
300,8.432,0
301,8.381,0
303,8.695,0
304,8.846,0
306,8.879,0
309,8.455,0
310,8.557,0
316,9.379,1
323,13.921,0
330,8.406,0
334,8.533,0
340,8.395,0
345,8.661,0
346,8.488,0
350,8.562,0
351,8.653,0
353,8.583,0
355,8.685,0
358,8.526,0
361,8.711,0
364,8.472,0
370,8.545,0
373,8.510,0
374,8.538,1
379,13.990,0
384,8.416,0
389,8.703,0
392,8.463,0
394,8.556,0
396,8.437,0
397,8.457,0
400,8.831,0
408,8.480,0
412,8.721,0
416,8.433,0
421,8.602,0
425,8.774,0
432,8.784,0
436,8.457,0
440,8.869,0
449,8.703,0
454,8.946,1
455,14.162,0
457,8.553,0
459,8.434,0
463,8.693,0
466,8.770,0
471,8.498,0
475,8.635,0
480,8.840,0
485,8.481,0
489,8.604,0
495,8.656,0
500,8.583,0
505,8.725,0
