11,15.306,0
13,15.010,0
17,16.423,0
21,8.592,0
26,8.722,0
31,8.280,0
35,8.221,0
38,17.194,0
41,8.495,0
46,17.555,0
48,8.733,0
54,8.515,0
57,9.477,0
58,8.642,0
63,8.567,0
68,8.929,0
75,8.578,0
79,8.939,0
82,8.631,0
85,8.667,0
89,8.837,0
96,8.867,0
101,9.066,0
105,9.046,0
109,9.020,0
114,8.622,0
120,8.950,0
121,8.688,0
126,8.973,0
127,8.983,0
135,9.735,0
140,8.976,0
145,8.945,0
148,8.978,0
152,8.634,0
157,8.695,0
161,9.038,0
165,8.756,0
170,8.776,0
175,8.796,0
180,8.743,0
185,8.784,0
190,8.960,0
191,8.668,0
195,10.722,0
199,9.042,0
207,8.959,0
209,8.742,0
215,8.825,0
219,8.981,0
223,8.515,0
238,8.894,0
241,9.307,0
258,8.946,0
273,9.028,0
284,8.958,0
287,8.646,0
304,8.656,0
305,8.982,0
313,8.700,0
330,8.750,0
345,8.965,0
356,8.761,0
373,10.272,0
381,8.756,0
383,8.751,0
394,8.874,0
411,8.652,0
418,8.894,0
435,8.718,0
452,9.022,0
462,8.767,0
479,8.992,0
488,8.718,0
498,9.672,0
502,8.760,0
11,15.542,0
13,15.127,0
17,17.452,0
18,8.801,0
24,8.994,0
28,8.500,0
34,8.566,0
38,8.872,0
43,8.938,0
46,8.643,0
48,8.658,0
53,9.542,0
59,8.784,0
63,8.633,0
66,8.622,0
70,8.792,0
73,8.899,0
79,8.951,0
85,9.795,0
87,8.789,0
89,8.928,0
94,8.634,0
98,8.850,0
101,8.724,0
105,8.953,0
110,9.873,0
116,8.866,0
118,8.717,0
120,9.032,0
124,8.656,0
128,8.706,0
132,8.645,0
136,8.830,0
142,8.900,0
146,8.933,0
150,9.009,0
153,9.103,0
158,8.681,0
161,9.024,0
162,8.767,0
166,8.747,0
169,8.809,0
173,8.904,0
180,8.950,0
185,9.003,0
188,8.979,0
190,8.683,0
193,8.615,0
197,9.040,0
199,8.680,0
201,9.394,0
207,9.858,0
212,8.975,0
220,8.666,0
224,9.041,0
229,8.990,0
235,8.755,0
240,9.132,0
244,9.078,0
248,9.166,0
254,9.163,0
259,8.858,0
263,8.901,0
265,8.817,0
269,9.044,0
275,9.145,0
276,8.807,0
280,8.740,0
285,9.002,0
288,9.115,0
293,8.846,0
297,9.133,0
299,9.115,0
300,8.816,0
305,9.182,0
306,8.913,0
307,8.839,0
308,8.805,0
309,8.900,0
314,8.786,0
316,8.866,0
322,9.174,0
327,8.846,0
332,8.892,0
333,8.772,0
336,8.812,0
342,9.044,0
343,8.903,0
345,8.748,0
349,9.182,0
352,9.203,0
354,8.891,0
356,8.871,0
359,8.829,0
362,8.791,0
367,8.834,0
371,11.086,0
376,9.353,0
378,9.167,0
384,8.902,0
386,8.900,0
393,8.818,0
397,9.080,0
400,9.157,0
407,8.808,0
414,9.081,0
422,8.828,0
426,9.140,0
433,9.126,0
437,8.871,0
441,9.179,0
446,9.139,0
450,8.795,0
458,8.881,0
464,8.953,0
470,9.853,0
471,9.903,0
474,9.183,0
476,8.882,0
481,9.300,0
486,8.771,0
490,8.941,0
498,8.785,0
502,8.751,0
507,9.029,0
11,16.893,0
16,8.545,0
18,21.450,0
19,8.692,0
23,8.951,0
27,8.548,0
43,8.605,0
48,8.686,0
51,9.009,0
52,8.943,0
54,8.438,0
58,8.566,0
61,8.614,0
64,8.545,0
68,8.469,0
71,8.590,0
75,8.848,0
77,8.654,0
78,8.869,0
84,8.976,0
86,8.893,0
92,8.633,0
95,8.860,0
97,8.772,0
100,8.819,0
102,8.612,0
107,10.545,0
109,9.891,0
112,8.884,0
117,8.495,0
122,8.691,0
123,8.482,0
127,8.531,0
130,8.902,0
133,8.572,0
138,9.360,0
140,8.640,0
144,8.575,0
148,8.576,0
152,8.915,0
161,8.662,0
169,9.886,0
174,8.783,0
178,8.859,0
179,8.558,0
183,8.666,0
185,8.595,0
190,8.813,0
195,8.803,0
196,8.875,0
201,8.771,0
205,8.794,0
211,8.539,0
213,8.512,0
217,8.519,0
221,8.962,0
224,8.665,0
228,8.586,0
230,8.662,0
231,8.591,0
232,8.845,0
237,8.884,0
239,9.044,0
242,8.710,0
245,8.737,0
249,9.005,0
254,8.691,0
255,8.707,0
260,8.906,0
264,8.777,0
265,9.155,0
269,8.715,0
270,8.748,0
271,8.738,0
276,8.918,0
280,9.004,0
285,10.467,0
288,9.096,0
295,8.733,0
300,9.956,0
303,8.908,0
306,9.060,0
307,8.772,0
311,8.623,0
316,9.032,0
319,8.842,0
320,8.801,0
322,8.746,0
326,8.773,0
331,9.102,0
336,8.790,0
341,8.904,0
342,8.809,0
347,8.894,0
352,8.983,0
356,8.952,0
359,8.743,0
365,9.037,0
368,8.842,0
371,8.983,0
377,8.796,0
382,8.952,0
389,9.054,0
393,8.813,0
396,8.746,0
398,8.970,0
403,8.988,0
404,8.696,0
408,8.936,0
411,8.805,0
415,9.741,0
417,9.012,0
421,9.051,0
424,8.768,0
429,8.923,0
431,8.963,0
435,8.683,0
437,8.786,0
444,9.067,0
445,8.742,0
452,9.035,0
454,8.820,0
460,8.735,0
467,9.667,0
470,8.968,0
475,9.030,0
481,9.063,0
483,8.765,0
487,9.913,0
490,9.075,0
493,9.089,0
494,9.164,0
499,8.874,0
505,8.898,0
507,8.861,0
509,8.947,0
11,14.635,0
13,14.545,0
17,16.594,0
23,8.772,0
26,8.635,0
31,8.681,0
34,8.695,0
37,8.385,0
41,9.464,0
45,8.627,0
47,8.424,0
53,17.243,0
59,8.496,0
63,8.783,0
67,8.670,0
70,8.581,0
73,8.515,0
77,8.825,0
81,8.509,0
85,8.781,0
90,8.614,0
95,8.430,0
100,8.729,0
104,9.663,0
107,8.885,0
110,8.549,0
114,8.602,0
119,8.775,0
121,9.408,0
124,8.563,0
127,8.551,0
131,8.815,0
133,8.531,0
136,8.520,0
137,8.656,0
143,9.009,0
145,8.625,0
146,8.567,0
151,8.574,0
152,8.578,0
156,8.526,0
157,8.859,0
160,8.579,0
166,8.917,0
175,8.859,0
180,8.779,0
184,9.639,0
189,8.841,0
195,8.557,0
199,8.969,0
204,8.616,0
205,8.533,0
209,8.772,0
216,8.812,0
222,8.834,0
227,9.759,0
232,8.960,0
236,8.859,0
241,8.901,0
244,8.589,0
248,8.993,0
249,8.620,0
251,8.696,0
255,8.678,0
258,8.745,0
264,9.058,0
269,8.773,0
273,8.823,0
277,9.841,0
282,8.803,0
287,8.662,0
291,8.864,0
296,8.943,0
302,10.374,0
307,9.010,0
314,8.885,0
315,9.024,0
321,9.001,0
328,8.705,0
334,9.983,0
341,9.043,0
343,8.682,0
348,8.799,0
351,8.717,0
356,8.926,0
360,9.050,0
365,8.746,0
366,8.785,0
371,9.897,0
374,9.025,0
375,8.794,0
381,9.137,0
386,8.844,0
391,9.033,0
397,9.089,0
402,8.827,0
405,8.917,0
409,8.952,0
410,8.847,0
412,8.930,0
417,9.800,0
424,9.057,0
426,8.798,0
428,8.730,0
432,9.131,0
436,8.719,0
440,9.073,0
442,9.151,0
449,8.974,0
453,8.984,0
458,8.705,0
463,9.047,0
465,9.137,0
470,10.159,0
472,8.982,0
476,9.039,0
481,9.090,0
483,8.816,0
487,8.765,0
492,8.918,0
498,9.092,0
501,8.870,0
507,9.125,0
11,14.639,0
14,17.188,0
16,17.422,0
20,8.614,0
22,8.579,0
26,11.940,0
30,9.007,0
31,8.427,0
34,8.493,0
37,8.842,0
42,8.534,0
47,8.629,0
51,8.802,0
56,8.490,0
57,8.542,0
60,8.551,0
64,9.562,0
65,8.710,0
67,8.771,0
72,8.548,0
76,9.519,0
81,8.909,0
86,8.547,0
90,8.478,0
94,9.024,0
99,8.517,0
103,8.496,0
107,8.565,0
110,8.659,0
115,8.708,0
117,8.840,0
123,8.771,0
127,8.553,0
128,8.497,0
129,8.572,0
134,8.886,0
139,8.797,0
145,8.565,0
151,8.417,0
153,8.463,0
160,8.785,0
165,10.864,0
167,8.734,0
171,8.726,0
179,8.910,0
180,8.666,0
185,8.641,0
190,8.857,0
198,8.837,0
199,8.640,0
203,8.590,0
211,8.824,0
216,8.561,0
220,8.899,0
225,8.806,0
230,8.793,0
232,8.882,0
236,8.932,0
241,8.928,0
246,8.609,0
251,8.963,0
252,8.790,0
258,9.743,0
262,8.966,0
263,8.702,0
268,8.752,0
272,9.772,0
276,9.097,0
281,9.735,0
285,8.700,0
286,8.894,0
287,8.921,0
292,8.877,0
293,8.977,0
296,8.651,0
299,8.778,0
301,8.691,0
305,8.927,0
306,8.697,0
311,9.778,0
316,8.926,0
322,8.961,0
325,8.708,0
327,8.697,0
330,8.743,0
333,9.334,0
339,9.101,0
344,9.038,0
345,8.774,0
348,8.671,0
351,8.648,0
356,9.799,0
360,8.964,0
361,8.737,0
362,8.911,0
368,8.740,0
372,8.613,0
373,8.647,0
375,9.016,0
377,8.749,0
380,8.953,0
383,8.795,0
392,9.034,0
398,8.656,0
403,8.930,0
406,8.962,0
410,9.042,0
414,8.790,0
416,8.698,0
417,9.017,0
422,8.861,0
426,9.089,0
427,8.847,0
434,8.817,0
437,8.874,0
442,8.648,0
448,8.906,0
453,9.086,0
456,9.147,0
461,8.758,0
463,8.943,0
467,9.111,0
473,8.816,0
479,8.768,0
483,9.016,0
489,9.131,0
492,8.838,0
495,9.038,0
498,9.068,0
503,8.748,0
509,8.864,0
11,14.639,0
13,14.897,0
17,16.244,0
21,8.074,0
35,8.492,0
39,16.004,0
46,16.947,0
48,8.382,0
55,8.368,0
59,8.690,0
65,8.507,0
69,8.401,0
74,8.511,0
76,17.157,0
81,8.676,0
85,9.865,0
88,8.850,0
92,8.912,0
97,9.734,0
102,8.694,0
108,8.918,0
114,8.634,0
119,8.747,0
124,8.808,0
125,8.870,0
130,8.877,0
135,8.580,0
139,8.591,0
143,8.803,0
146,8.506,0
147,8.529,0
149,8.597,0
151,8.794,0
153,9.059,0
160,8.924,0
167,8.862,0
174,8.724,0
178,8.790,0
184,8.485,0
189,8.856,0
191,8.585,0
194,8.557,0
198,8.952,0
200,8.852,0
204,8.888,0
208,8.647,0
214,8.671,0
219,8.672,0
224,8.939,0
226,8.577,0
232,8.726,0
239,8.580,0
241,8.559,0
243,8.682,0
248,9.760,0
251,8.980,0
256,8.598,0
257,8.650,0
263,9.074,0
264,9.103,0
271,8.747,0
279,8.990,0
283,8.707,0
288,8.962,0
290,8.696,0
292,8.668,0
296,8.731,0
300,8.731,0
302,8.693,0
306,8.564,0
307,8.588,0
315,8.996,0
319,9.362,0
326,9.039,0
328,9.038,0
336,8.836,0
342,9.144,0
345,8.707,0
350,8.758,0
355,8.920,0
359,9.022,0
363,9.013,0
368,8.649,0
370,8.651,0
375,8.922,0
379,8.688,0
381,8.714,0
391,8.738,0
397,8.715,0
402,9.006,0
407,8.796,0
409,8.676,0
415,8.665,0
417,8.931,0
422,8.723,0
433,9.050,0
435,9.033,0
436,8.699,0
443,8.696,0
448,9.042,0
451,8.764,0
453,8.952,0
454,8.741,0
458,8.997,0
459,8.863,0
462,8.827,0
468,9.073,0
473,8.735,0
476,8.871,0
478,8.698,0
480,8.985,0
483,8.707,0
487,8.744,0
492,9.024,0
495,8.661,0
497,8.639,0
502,9.152,0
510,8.773,0
11,15.138,0
13,8.073,0
16,7.719,0
20,17.252,0
35,8.610,0
38,8.453,0
41,18.175,0
47,8.614,0
48,8.715,0
51,8.534,0
54,8.598,0
59,8.567,0
60,8.537,0
61,8.545,0
63,8.569,0
68,8.926,0
72,8.619,0
75,8.757,0
76,8.533,0
81,8.765,0
88,9.642,0
93,8.661,0
97,8.754,0
102,8.468,0
106,9.661,0
110,8.761,0
112,8.555,0
113,8.779,0
114,9.173,0
120,8.877,0
123,8.892,0
128,8.707,0
130,8.848,0
135,8.451,0
142,8.870,0
147,8.524,0
152,8.810,0
155,8.639,0
156,8.908,0
159,8.525,0
162,8.626,0
165,8.579,0
171,8.859,0
177,8.637,0
186,8.666,0
193,8.636,0
196,8.550,0
201,9.656,0
210,8.884,0
213,8.551,0
216,8.867,0
221,8.694,0
228,8.599,0
232,8.779,0
235,8.571,0
240,8.528,0
243,8.917,0
244,8.500,0
249,9.068,0
254,8.553,0
256,8.549,0
261,8.835,0
264,8.774,0
269,8.656,0
273,8.865,0
276,8.889,0
281,9.183,0
287,8.687,0
289,8.624,0
293,9.817,0
297,8.838,0
307,8.969,0
313,8.672,0
316,8.648,0
319,8.610,0
325,8.565,0
330,8.835,0
336,9.035,0
339,8.711,0
341,8.711,0
346,9.031,0
349,8.730,0
350,8.701,0
352,8.740,0
357,9.015,0
359,8.905,0
365,8.737,0
369,9.008,0
374,8.980,0
380,8.899,0
383,9.097,0
391,8.789,0
397,9.004,0
402,8.692,0
403,8.845,0
405,8.843,0
410,8.695,0
416,8.876,0
422,8.650,0
429,9.019,0
431,9.064,0
433,8.669,0
436,8.727,0
439,8.760,0
442,8.727,0
459,8.876,0
471,8.898,0
481,8.912,0
498,8.658,0
11,14.635,0
13,16.774,0
17,19.360,0
22,19.875,0
31,8.541,0
35,8.535,0
37,8.189,0
41,8.247,0
46,8.536,0
47,8.293,0
50,16.805,0
52,8.549,0
57,8.368,0
61,8.449,0
63,8.399,0
64,17.327,0
67,8.737,0
72,8.483,0
76,8.912,0
82,8.539,0
87,8.459,0
88,8.507,0
93,8.689,0
98,8.685,0
99,8.902,0
103,8.777,0
106,8.865,0
110,8.532,0
115,8.720,0
121,8.738,0
122,8.739,0
126,8.613,0
131,8.526,0
136,8.884,0
142,8.793,0
145,8.536,0
146,8.873,0
147,9.085,0
151,9.641,0
159,9.012,0
160,8.591,0
165,8.856,0
169,8.564,0
173,9.708,0
178,9.125,0
187,9.116,0
189,8.572,0
194,8.628,0
199,8.731,0
204,8.868,0
209,8.828,0
212,8.614,0
217,8.776,0
224,8.534,0
225,8.898,0
230,8.894,0
234,8.891,0
235,8.618,0
239,8.562,0
248,8.554,0
250,8.969,0
252,8.940,0
256,8.695,0
261,8.550,0
263,8.627,0
269,8.959,0
273,8.960,0
281,8.618,0
286,8.939,0
290,8.703,0
291,8.688,0
296,8.815,0
304,8.959,0
309,9.288,0
313,8.979,0
314,9.524,0
316,8.808,0
321,8.715,0
327,8.620,0
336,8.990,0
338,8.951,0
339,8.989,0
344,8.721,0
345,8.680,0
349,8.614,0
352,8.708,0
356,8.907,0
358,9.125,0
365,8.784,0
367,8.948,0
373,9.034,0
379,8.729,0
383,8.753,0
385,8.908,0
389,8.994,0
392,8.937,0
394,8.775,0
400,9.057,0
405,9.919,0
410,8.914,0
415,8.718,0
420,8.934,0
424,8.777,0
428,8.750,0
436,9.048,0
443,8.908,0
446,9.138,0
452,8.748,0
453,8.766,0
458,8.925,0
462,9.109,0
467,8.742,0
470,8.985,0
475,8.782,0
480,8.903,0
484,8.912,0
488,8.987,0
497,9.126,0
500,8.914,0
504,9.084,0
508,9.076,0
11,14.930,0
13,8.248,0
17,15.853,0
19,8.340,0
21,8.259,0
34,8.647,0
38,8.560,0
41,8.273,0
42,8.114,0
46,8.233,0
49,8.169,0
51,8.364,0
56,8.462,0
60,17.233,0
63,8.541,0
65,8.482,0
71,8.466,0
77,8.417,0
78,8.495,0
82,9.055,0
87,9.010,0
92,8.880,0
95,8.532,0
101,8.857,0
106,9.304,0
113,8.996,0
118,8.580,0
123,8.884,0
128,8.588,0
132,8.798,0
141,8.713,0
143,8.851,0
145,8.529,0
149,8.532,0
155,9.611,0
159,8.809,0
160,8.449,0
165,8.889,0
172,8.617,0
174,8.778,0
176,8.969,0
179,8.621,0
185,8.828,0
192,8.967,0
193,8.643,0
198,8.606,0
203,9.748,0
204,9.263,0
208,8.815,0
211,9.033,0
218,8.546,0
223,8.921,0
224,8.822,0
228,8.946,0
233,8.882,0
238,8.653,0
251,8.588,0
253,8.641,0
257,8.980,0
259,8.693,0
264,8.723,0
267,8.961,0
274,8.739,0
281,9.360,0
289,8.930,0
293,9.126,0
298,8.811,0
302,8.684,0
303,8.934,0
307,9.065,0
312,8.766,0
315,9.065,0
318,8.710,0
324,8.778,0
329,9.837,0
332,8.954,0
334,8.809,0
337,8.751,0
342,9.016,0
345,9.125,0
347,8.868,0
350,8.836,0
352,8.771,0
357,8.934,0
363,9.105,0
371,8.737,0
377,8.989,0
382,9.877,0
384,9.001,0
390,8.735,0
396,8.690,0
400,9.063,0
403,8.983,0
409,9.672,0
414,9.064,0
419,8.690,0
423,8.879,0
427,9.157,0
433,8.920,0
439,8.850,0
440,8.877,0
442,8.960,0
446,9.044,0
455,8.780,0
460,9.140,0
462,9.124,0
465,9.070,0
475,8.837,0
476,9.406,0
480,9.051,0
482,8.713,0
486,9.143,0
489,9.141,0
493,8.856,0
499,8.852,0
503,8.863,0
505,8.652,0
509,9.126,0
