11,14.126,0
15,16.361,0
18,8.396,0
24,8.303,0
28,8.486,1
34,11.953,0
35,8.609,0
39,8.273,0
43,8.555,0
45,8.343,0
48,8.790,0
51,8.177,0
56,8.307,0
57,8.252,0
58,8.805,1
63,19.140,0
64,8.318,0
69,8.386,0
72,8.490,0
75,8.380,0
78,8.393,0
79,8.370,0
84,8.330,1
89,11.633,0
93,8.366,0
99,8.345,0
103,8.397,0
106,8.472,0
109,8.374,0
111,8.340,0
116,8.458,1
123,12.396,0
128,8.374,0
132,8.457,0
137,8.446,0
141,9.844,0
143,8.459,0
148,8.350,1
152,12.981,0
154,8.645,0
159,8.592,0
162,8.640,0
168,8.384,0
172,8.707,1
176,11.749,0
182,8.620,0
186,8.687,0
190,8.672,0
192,8.411,0
199,8.621,1
200,11.782,0
203,9.214,0
206,8.354,0
209,8.504,0
210,8.414,0
217,8.733,0
219,8.537,0
223,8.505,0
227,8.472,0
230,8.442,0
237,8.728,0
242,8.405,0
247,8.744,1
256,14.377,0
261,8.742,0
268,8.664,0
269,8.753,0
274,8.444,0
279,8.727,0
284,8.482,0
290,8.751,0
301,8.634,1
306,14.494,0
308,8.701,0
311,8.452,0
316,8.416,0
318,8.397,0
320,8.417,0
327,8.818,0
332,8.725,0
336,8.762,0
337,8.333,0
345,8.682,0
350,8.467,0
352,8.388,0
356,8.733,0
366,8.664,0
368,8.785,0
371,8.604,0
372,8.398,0
380,8.705,1
388,14.653,0
399,8.423,0
406,8.376,0
409,8.629,0
413,8.853,0
418,8.808,0
422,8.448,0
429,8.477,0
435,8.416,0
437,8.849,0
445,8.520,0
450,8.815,0
459,8.600,0
465,8.789,1
474,16.019,0
484,8.404,0
491,8.505,0
493,8.508,0
510,8.640,0
11,14.559,0
13,14.557,0
17,16.850,0
18,8.540,0
24,8.331,0
28,8.480,1
34,11.524,0
35,8.750,0
36,8.426,0
40,9.436,0
46,8.461,0
49,8.503,0
54,18.922,1
56,14.561,0
61,11.253,1
63,13.365,0
67,11.363,0
70,11.514,0
71,11.660,0
78,11.279,0
81,11.270,0
84,11.858,1
86,15.294,0
94,11.119,0
100,12.217,0
104,11.440,0
111,11.299,1
115,16.154,0
120,12.410,0
124,11.201,0
127,13.711,0
133,11.117,0
140,10.981,1
146,16.569,0
151,11.116,0
157,11.052,0
158,10.922,0
162,11.475,0
164,11.419,0
169,11.734,1
172,15.443,0
178,11.770,0
181,11.661,0
189,11.490,0
191,11.334,0
194,11.371,0
201,11.339,1
205,15.961,0
210,11.784,0
213,11.259,0
216,11.100,0
223,11.259,0
227,10.992,0
228,11.331,0
232,11.262,1
238,15.593,0
243,11.036,0
247,11.096,0
251,11.052,0
254,11.440,0
260,10.933,0
265,11.005,1
270,16.786,0
275,11.299,0
281,11.176,0
285,11.128,0
291,11.187,0
300,11.123,0
304,11.101,0
306,10.902,0
312,10.984,1
319,19.460,0
322,11.102,0
326,11.191,0
329,11.473,0
331,11.186,0
335,10.924,0
339,11.318,0
345,10.871,0
349,11.071,0
354,11.003,1
358,16.554,0
362,10.963,0
367,11.151,0
369,11.272,0
373,10.896,0
377,10.867,0
386,11.003,0
392,10.861,0
395,11.122,0
396,11.367,0
401,11.062,0
407,11.374,0
413,10.848,0
416,10.943,0
421,11.083,1
422,19.444,0
428,10.799,0
429,10.953,0
435,10.937,0
439,11.219,0
447,11.112,0
451,11.209,0
457,10.970,0
461,11.028,1
467,16.917,0
472,11.019,0
477,11.413,0
480,11.048,0
486,10.973,0
489,11.278,0
494,11.445,0
497,11.145,0
500,10.883,0
504,11.000,0
11,24.647,0
15,11.606,0
20,20.784,0
27,11.036,1
35,25.062,0
40,11.358,0
46,10.366,0
48,10.562,0
55,10.893,0
57,10.469,0
64,11.315,0
73,11.187,0
78,10.598,1
82,15.363,0
87,10.469,0
93,10.419,0
96,10.479,0
101,10.503,0
109,10.813,1
114,16.781,0
120,10.511,0
125,10.993,0
130,11.238,0
135,12.163,1
137,15.011,0
139,10.806,0
146,10.778,0
153,10.995,0
159,11.233,0
164,10.645,0
169,10.707,1
171,16.085,0
176,10.938,0
180,10.768,0
184,10.975,0
191,11.479,0
193,10.732,1
194,14.541,0
198,10.898,0
201,11.047,0
206,10.986,0
209,10.718,1
213,14.010,0
214,10.644,0
218,12.320,0
219,10.963,0
220,11.181,0
228,10.486,0
238,10.918,0
244,10.581,0
247,10.621,0
252,10.596,1
255,16.325,0
258,10.821,0
264,12.937,0
266,10.600,0
271,10.562,0
275,10.791,0
280,10.861,0
286,11.127,1
289,15.943,0
293,11.158,0
294,11.290,0
299,11.462,0
301,11.103,0
304,10.654,0
307,10.714,0
309,10.639,0
313,11.054,0
316,10.739,0
318,11.109,0
321,10.670,0
331,10.679,0
339,10.492,0
343,10.980,0
346,10.735,0
351,11.151,0
356,11.049,0
360,10.832,1
362,18.652,0
367,11.153,0
375,10.838,0
377,10.818,0
382,10.966,0
383,10.737,0
389,10.814,0
393,10.742,0
398,10.864,0
403,10.659,0
408,10.806,0
418,10.804,0
419,11.166,0
425,10.746,1
430,20.307,0
436,10.877,0
440,10.684,0
445,10.764,0
449,10.826,0
451,10.562,0
457,10.915,0
458,10.708,0
459,10.541,0
463,11.222,0
467,10.720,0
472,10.593,0
482,11.586,0
483,10.859,0
484,10.917,0
487,10.644,0
494,10.845,1
497,20.346,0
504,11.000,0
508,10.854,0
11,16.433,0
15,8.610,0
20,8.537,0
23,8.320,0
26,8.966,0
32,8.528,1
36,11.122,0
42,16.837,0
47,8.261,0
51,8.656,1
55,11.311,0
62,8.708,0
65,8.431,0
70,8.592,0
77,8.704,0
82,8.611,1
88,12.503,0
93,8.789,0
95,8.329,0
98,8.705,0
102,8.554,0
106,8.366,0
107,8.413,0
109,8.372,0
111,8.703,0
114,8.853,1
119,11.287,0
122,8.666,0
128,8.313,0
130,9.447,0
133,8.360,0
134,8.646,0
140,8.416,0
144,8.334,0
148,8.310,0
163,8.551,0
170,8.666,0
175,9.306,1
180,14.144,0
185,8.777,0
190,8.713,0
195,8.386,0
196,8.396,0
203,8.806,1
208,11.715,0
225,8.380,0
242,8.414,0
259,8.399,0
276,8.712,0
286,8.890,0
290,8.429,0
295,8.652,0
299,8.760,0
307,8.731,0
313,8.430,0
330,8.698,0
347,8.430,0
364,8.881,0
381,8.667,0
396,8.788,0
401,8.462,0
406,8.719,1
423,13.849,0
440,8.535,0
457,8.507,0
474,8.428,0
491,8.702,0
505,9.387,0
11,16.467,0
15,19.464,0
19,10.344,0
26,10.767,1
31,24.133,0
35,10.741,0
36,10.198,0
37,10.153,0
41,10.045,0
44,10.201,0
46,10.082,1
51,13.692,0
55,10.424,0
59,10.256,1
60,12.054,0
63,10.118,0
65,10.364,0
69,10.391,0
73,10.310,0
77,10.275,0
81,10.009,0
86,10.067,1
89,13.714,0
97,9.943,0
99,10.150,0
108,10.139,0
114,10.437,1
118,14.069,0
119,10.385,0
124,10.222,0
129,10.040,0
133,9.988,0
138,10.161,1
141,14.619,0
145,10.130,0
151,10.489,0
158,10.194,0
163,10.334,0
168,10.461,0
169,10.655,1
173,15.361,0
175,10.180,0
179,10.134,0
181,10.284,0
185,10.184,0
190,10.430,0
192,10.071,0
197,10.086,1
201,15.249,0
202,10.110,0
205,9.944,0
213,10.050,0
214,10.328,0
218,10.025,0
219,9.947,0
225,10.144,0
227,9.979,0
231,9.939,0
233,15.782,0
238,10.178,0
241,10.379,0
251,10.537,0
253,10.159,0
260,10.485,1
262,17.244,0
265,10.498,0
270,10.304,0
275,10.000,0
279,10.128,0
286,10.236,0
287,10.058,0
291,10.075,1
295,14.856,0
298,9.904,0
299,10.490,0
304,10.128,0
310,10.283,0
312,9.998,0
315,10.181,0
318,10.375,0
320,10.357,0
325,10.117,0
330,10.543,0
335,10.122,0
342,10.225,1
348,16.413,0
349,10.212,0
351,10.134,0
356,9.988,0
362,10.196,0
367,10.430,0
370,10.135,0
372,10.382,0
377,10.187,0
379,10.206,0
380,10.371,0
384,10.096,0
392,10.076,0
397,10.063,0
403,10.386,1
406,18.017,0
411,10.221,0
415,9.931,0
419,10.417,0
421,10.157,0
424,10.174,0
433,10.233,0
440,9.903,0
443,10.059,0
448,10.020,0
456,10.190,0
466,9.982,0
472,10.277,0
482,9.995,0
483,10.372,0
486,10.901,0
492,10.315,0
496,10.137,1
11,21.600,0
15,11.598,0
20,21.635,0
27,10.890,1
37,14.794,0
39,22.315,0
43,11.021,0
48,10.845,0
54,12.911,1
56,13.744,0
63,10.803,0
68,10.896,0
73,10.925,0
74,10.721,0
76,10.944,0
80,10.976,1
81,14.769,0
84,10.717,0
88,11.484,0
96,10.678,0
103,10.430,0
107,10.653,0
108,11.044,1
112,14.849,0
113,10.718,0
117,10.637,0
122,10.675,0
127,10.512,0
131,10.539,1
132,13.997,0
136,10.884,0
138,10.797,0
143,10.774,0
148,10.901,1
149,13.495,0
150,10.723,0
156,10.649,0
158,10.556,0
160,11.237,0
164,11.322,0
170,10.826,0
175,10.843,1
181,15.348,0
186,10.872,0
192,10.784,0
198,11.022,0
204,10.801,1
208,16.454,0
209,11.027,0
214,11.156,0
218,10.910,0
219,10.778,0
221,10.686,0
222,10.732,0
226,10.681,0
231,10.783,0
235,11.147,1
238,14.366,0
245,10.749,0
250,10.649,0
253,11.246,0
255,10.935,0
258,10.808,0
263,10.451,0
267,10.702,1
269,14.867,0
275,10.896,0
278,11.154,0
280,11.254,0
285,10.947,0
291,11.263,0
297,10.928,0
301,11.067,0
303,11.178,0
307,10.801,0
308,10.949,0
309,11.148,0
313,10.798,0
318,10.777,1
322,16.288,0
327,11.129,0
333,10.715,0
339,10.555,0
342,10.723,0
348,10.709,0
359,10.888,0
370,10.653,0
385,10.605,0
389,10.802,0
394,11.193,0
403,10.763,0
412,10.960,0
417,10.727,0
419,10.557,0
423,11.056,0
425,10.951,0
430,11.009,0
435,10.900,1
441,22.306,0
445,11.212,0
451,10.541,0
467,10.850,0
476,10.637,0
480,10.836,0
497,10.463,0
11,18.028,0
14,19.423,0
18,20.294,0
23,10.488,1
35,13.498,0
37,27.362,0
42,10.915,0
43,10.899,0
52,10.369,0
54,10.599,1
59,12.975,0
66,10.782,0
68,10.660,0
72,10.641,0
75,10.385,0
76,10.918,0
79,11.006,0
81,10.899,0
86,10.811,1
88,14.906,0
89,10.727,0
90,10.407,0
93,10.603,0
98,11.012,0
103,11.194,0
105,10.716,0
111,10.778,1
118,17.883,0
122,10.758,0
126,21.633,0
131,11.062,0
132,10.616,0
136,10.836,0
142,11.039,1
149,15.555,0
153,10.931,0
159,11.320,0
168,11.216,0
173,10.936,1
178,15.225,0
187,11.066,0
191,11.367,0
194,10.880,0
197,10.917,0
202,10.994,1
206,14.455,0
210,10.887,0
216,11.812,0
223,11.083,0
224,11.223,0
229,10.786,1
230,14.613,0
234,10.989,0
235,10.871,0
240,10.914,0
243,10.702,0
244,10.680,0
249,10.909,0
255,11.123,0
260,10.833,1
262,17.162,0
265,10.889,0
270,10.919,0
271,11.180,0
275,10.966,0
279,11.229,0
285,11.113,0
292,11.314,1
295,16.042,0
296,11.196,0
300,11.074,0
306,10.978,0
309,11.040,0
314,10.987,0
318,11.272,1
322,15.596,0
326,11.240,0
331,10.871,0
335,10.755,0
341,11.117,0
350,10.613,0
356,10.856,0
357,11.107,0
361,11.105,0
363,10.712,0
365,11.129,0
366,10.595,0
371,11.351,1
377,20.558,0
381,11.284,0
387,10.836,0
393,10.693,0
395,11.125,0
400,11.417,0
405,10.848,0
409,11.214,0
414,11.129,1
418,17.155,0
423,11.131,0
424,11.037,0
428,10.746,0
431,11.153,0
436,11.121,0
439,11.063,0
442,10.870,0
444,11.182,0
450,11.090,0
456,11.031,0
459,10.922,0
463,11.194,1
468,18.821,0
469,11.227,0
471,10.992,0
475,10.939,0
476,10.891,0
484,11.378,0
488,11.446,0
493,10.857,0
496,11.403,0
498,11.000,0
501,10.819,0
505,10.907,0
510,11.206,0
11,17.188,0
15,19.851,0
19,10.833,0
35,10.470,1
37,13.576,0
42,10.486,0
43,10.128,0
44,10.396,0
48,10.768,0
51,10.442,0
56,10.492,1
60,13.847,0
65,10.145,0
71,10.480,0
78,10.282,0
84,10.909,1
87,25.825,0
90,10.749,0
94,10.445,0
97,10.701,0
99,10.577,0
100,10.760,0
102,10.870,0
106,10.830,0
108,10.902,0
112,10.263,0
116,10.907,1
122,13.924,0
127,10.331,0
136,10.751,0
141,10.766,0
144,10.713,1
148,13.469,0
151,10.905,0
154,10.602,0
157,10.879,0
162,10.587,0
166,10.574,0
167,10.567,0
171,11.169,1
176,16.816,0
180,10.530,0
184,10.858,0
187,10.500,0
191,10.751,0
195,10.484,0
197,10.582,0
200,10.524,1
202,14.675,0
206,10.686,0
212,10.863,0
221,10.618,0
228,10.822,1
236,16.525,0
241,10.817,0
245,10.485,0
252,10.774,0
259,10.300,0
260,10.308,0
266,10.902,1
269,15.296,0
273,10.657,0
278,10.528,0
279,10.592,0
283,10.706,0
288,10.637,0
289,10.707,0
294,10.941,0
299,10.792,0
303,10.510,0
306,10.702,1
310,16.554,0
319,10.585,0
325,11.045,0
328,10.867,0
331,10.363,0
335,10.545,0
342,11.033,0
348,10.695,1
353,17.251,0
356,10.663,0
358,10.682,0
360,10.638,0
363,10.428,0
368,10.408,0
370,10.703,0
372,10.544,0
379,10.889,0
381,10.478,0
387,10.991,0
392,10.754,0
396,10.641,0
400,10.621,0
404,10.747,1
408,17.174,0
412,10.347,0
419,10.533,0
427,10.408,0
431,10.742,0
438,10.977,0
443,10.967,0
451,10.718,0
453,10.863,0
456,11.093,0
459,10.611,0
460,10.608,0
464,10.562,0
471,10.517,0
474,10.935,0
476,10.919,0
477,10.703,0
482,11.203,1
489,22.073,0
492,10.895,0
496,11.166,0
500,10.672,0
505,10.975,0
11,17.451,0
14,18.649,0
18,19.261,0
23,9.764,1
28,24.392,0
29,10.060,0
30,10.034,0
33,10.166,0
38,10.370,0
43,9.946,0
45,10.607,0
47,9.953,0
48,10.244,1
56,13.725,0
61,10.690,0
64,10.298,0
66,10.340,0
71,10.902,0
78,10.200,1
83,15.518,0
88,10.431,0
93,10.371,0
97,10.123,0
103,10.456,0
104,10.016,0
110,10.389,1
114,14.795,0
120,10.407,0
121,10.166,0
126,10.069,0
131,10.211,0
139,10.246,0
143,10.462,0
147,10.233,1
153,14.365,0
155,10.178,0
157,10.196,0
163,10.064,0
167,10.341,0
168,10.412,0
172,10.085,0
175,10.449,1
183,14.519,0
188,10.368,0
189,10.626,0
193,10.354,0
195,10.386,0
197,10.099,0
205,10.356,0
207,10.353,0
211,15.230,0
213,10.549,0
218,10.137,0
222,9.920,0
228,10.202,1
232,17.155,0
236,10.072,0
240,10.301,0
243,10.054,0
247,10.352,0
252,10.235,0
255,10.328,1
256,14.188,0
259,10.108,0
265,10.418,0
269,10.406,0
270,10.231,0
273,10.434,0
277,10.249,0
280,9.960,0
281,10.400,0
285,10.330,0
290,10.444,1
293,14.957,0
294,10.041,0
299,9.898,0
302,9.918,0
309,10.630,0
314,10.424,0
315,10.325,0
318,10.205,0
320,10.094,0
323,9.915,0
328,10.305,0
333,10.065,0
336,10.058,0
338,10.234,1
342,15.422,0
346,10.341,0
350,10.320,0
353,10.666,0
355,10.114,0
359,10.127,0
360,10.296,0
369,10.047,0
373,10.490,0
375,9.999,0
378,10.153,0
382,10.587,0
384,10.588,0
390,10.414,1
394,15.884,0
401,10.436,0
405,10.256,0
409,10.170,0
415,10.363,0
419,10.416,0
424,10.218,0
425,10.209,0
429,10.084,0
432,10.040,0
438,10.168,1
444,16.152,0
448,10.296,0
451,10.180,0
456,10.608,0
461,10.433,0
466,10.142,0
472,10.109,0
478,10.054,0
482,10.319,0
483,9.894,0
490,10.154,0
491,10.321,0
493,10.224,0
498,10.239,0
499,9.985,0
503,10.272,0
506,10.246,0
508,10.406,1
11,20.547,0
16,10.070,0
20,10.027,0
33,10.559,1
34,14.213,0
36,21.363,0
41,10.077,0
42,10.293,0
47,10.371,0
51,10.292,1
57,14.260,0
61,10.255,0
65,10.243,1
71,12.963,0
73,10.482,0
76,10.181,0
81,10.096,0
84,10.277,0
86,10.209,0
90,10.257,1
94,12.841,0
98,10.487,0
102,10.387,0
104,10.367,0
111,9.964,0
118,10.259,0
121,10.271,0
123,9.941,1
127,15.888,0
129,10.142,0
135,10.493,0
139,12.240,0
140,10.402,0
144,10.099,0
149,10.377,0
154,10.049,0
156,10.295,0
161,10.220,0
163,10.518,0
166,10.132,0
169,10.177,1
170,14.484,0
176,10.094,0
181,10.370,0
185,10.189,0
187,10.615,0
191,10.164,0
197,10.028,0
202,10.219,1
205,15.584,0
207,10.237,0
212,10.213,0
217,10.131,0
222,14.558,0
227,10.529,1
233,14.569,0
240,10.321,0
244,10.420,0
248,10.492,0
249,10.200,0
256,10.220,0
262,10.293,0
267,10.589,0
274,10.224,1
278,16.284,0
290,10.265,0
296,10.161,0
305,10.170,0
309,10.177,0
311,10.122,0
315,10.157,0
319,10.218,0
326,10.087,0
333,9.984,0
339,9.927,1
343,17.253,0
350,10.457,0
357,10.190,0
361,10.177,0
365,10.051,0
372,10.487,0
376,10.346,0
390,10.198,0
391,9.991,0
397,9.967,0
408,10.184,0
411,10.367,0
416,9.919,0
431,10.549,0
439,10.557,1
445,19.676,0
458,10.103,0
461,10.101,0
478,9.969,0
488,9.979,0
490,10.214,0
498,10.167,0
499,10.010,0
509,9.921,0
