11,29.257,0
14,20.879,0
19,11.882,0
20,24.526,0
26,13.877,0
30,14.295,0
35,11.083,0
39,11.746,0
43,12.560,0
47,11.901,0
51,11.977,0
56,12.206,0
60,14.055,0
65,11.884,0
66,22.978,0
71,12.606,0
72,11.696,0
79,14.595,0
85,13.620,0
93,12.806,0
96,12.444,0
98,11.840,0
99,11.556,0
106,11.100,0
114,13.408,0
120,13.320,0
125,14.032,0
130,12.984,0
132,12.692,0
137,13.923,0
141,12.016,0
147,13.995,0
149,13.272,0
154,11.977,0
158,12.562,0
163,10.561,0
171,12.547,0
176,13.642,0
180,13.223,0
186,11.225,0
188,11.022,0
192,10.578,0
193,10.480,0
198,12.259,0
200,12.423,0
201,11.903,0
208,13.713,0
215,14.626,0
219,13.094,0
223,11.825,0
225,11.348,0
226,11.303,0
232,13.309,0
234,12.709,0
235,12.389,0
238,11.503,0
241,12.032,0
247,12.752,0
249,12.551,0
250,11.938,0
253,11.660,0
259,12.659,0
262,11.877,0
267,11.590,0
272,10.560,0
275,10.563,0
277,11.313,0
279,10.548,0
282,12.127,0
285,11.113,0
294,12.547,0
299,14.625,0
303,14.395,0
306,13.873,0
311,13.173,0
316,13.230,0
318,12.504,0
324,13.681,0
329,14.799,0
331,12.766,0
334,11.748,0
338,12.472,0
342,13.692,0
343,13.282,0
347,12.561,0
352,12.192,0
357,13.432,0
359,12.371,0
361,11.930,0
362,11.936,0
367,13.766,0
370,12.596,0
375,12.518,0
381,13.828,0
386,13.445,0
388,11.992,0
389,11.521,0
392,11.574,0
394,11.408,0
399,12.114,0
401,11.435,0
405,12.092,0
412,11.877,0
418,12.538,0
421,11.206,0
424,11.501,0
425,11.071,0
432,12.828,0
433,12.202,0
438,12.040,0
439,12.552,0
447,12.291,0
449,12.011,0
455,10.573,0
461,11.965,0
462,12.007,0
465,11.343,0
472,11.884,0
477,11.450,0
483,12.550,0
488,13.664,0
492,13.371,0
502,11.853,0
509,10.468,0
11,18.359,0
13,19.001,0
17,21.619,0
22,21.627,0
30,14.799,0
33,13.086,0
39,21.461,0
45,13.860,0
51,13.354,0
55,12.562,0
56,13.032,0
59,22.578,0
62,11.486,0
67,13.541,0
70,12.612,0
74,12.660,0
75,12.382,0
81,13.759,0
86,14.227,0
89,13.486,0
92,12.741,0
97,12.266,0
101,12.265,0
105,14.195,0
110,13.959,0
114,14.908,0
118,14.288,0
123,15.528,0
128,14.503,0
133,12.810,0
138,14.234,0
142,13.807,0
144,13.632,0
147,12.760,0
149,12.237,0
155,12.973,0
157,12.201,0
162,13.528,0
167,13.938,0
171,15.003,0
176,16.042,0
181,14.884,0
189,13.517,0
193,12.404,0
198,14.368,0
202,13.636,0
206,12.716,0
212,12.798,0
216,12.479,0
222,13.581,0
224,12.913,0
230,13.977,0
236,12.711,0
237,12.750,0
241,13.071,0
245,14.544,0
246,13.827,0
250,12.796,0
255,14.250,0
260,15.285,0
265,13.629,0
268,12.886,0
278,12.689,0
295,10.643,0
312,10.662,0
329,10.345,0
346,10.790,0
361,10.477,0
378,10.671,0
395,12.832,0
412,10.684,0
429,10.438,0
446,10.733,0
457,12.714,0
469,10.738,0
474,12.566,0
482,12.638,0
499,10.898,0
504,13.031,0
505,12.537,0
509,14.337,0
11,18.272,0
15,19.971,0
19,23.695,0
22,12.484,0
23,12.393,0
29,12.607,0
34,13.520,0
39,15.107,0
43,13.419,0
48,11.603,0
51,11.657,0
52,11.159,0
59,12.868,0
65,12.810,0
72,11.998,0
76,14.282,0
81,14.230,0
87,14.102,0
90,12.632,0
94,13.637,0
99,12.849,0
100,12.503,0
103,11.823,0
107,12.715,0
109,12.193,0
111,11.702,0
113,12.293,0
114,11.538,0
119,16.187,0
123,13.083,0
127,14.716,0
133,14.097,0
138,13.497,0
144,14.247,0
147,13.624,0
149,12.391,0
153,12.056,0
159,14.167,0
161,12.881,0
168,12.733,0
173,14.135,0
178,13.655,0
181,13.584,0
187,12.680,0
193,10.860,0
201,13.741,0
205,12.896,0
210,12.428,0
215,13.876,0
218,12.775,0
221,12.817,0
226,13.606,0
232,14.929,0
236,13.834,0
240,11.586,0
243,12.897,0
244,12.514,0
248,12.116,0
252,13.539,0
253,12.601,0
258,13.979,0
262,14.767,0
264,13.648,0
265,12.949,0
269,12.354,0
271,10.887,0
274,10.635,0
279,11.750,0
284,12.407,0
285,11.726,0
287,11.396,0
288,11.386,0
296,14.218,0
301,15.141,0
306,13.744,0
308,13.861,0
311,13.306,0
316,13.246,0
317,13.344,0
324,14.000,0
331,12.320,0
337,12.456,0
341,12.049,0
346,13.726,0
350,13.365,0
354,13.260,0
356,12.920,0
362,13.837,0
364,13.103,0
374,15.151,0
379,14.077,0
382,12.306,0
389,13.540,0
394,11.771,0
397,11.003,0
402,12.949,0
411,14.173,0
419,12.329,0
420,11.851,0
428,12.972,0
434,13.844,0
438,13.766,0
442,13.119,0
447,12.509,0
451,12.240,0
457,12.420,0
458,11.917,0
462,13.837,0
466,12.487,0
477,12.961,0
480,11.771,0
485,11.076,0
491,11.714,0
498,12.348,0
504,10.985,0
11,18.467,0
15,20.789,0
20,13.887,0
22,12.083,0
36,10.707,0
39,10.904,0
44,22.932,0
48,13.747,0
49,13.314,0
56,13.405,0
61,25.123,0
67,11.595,0
68,11.731,0
74,11.232,0
79,12.768,0
85,12.676,0
91,14.930,0
94,13.948,0
98,14.076,0
99,13.408,0
100,12.731,0
104,13.971,0
105,13.427,0
110,13.929,0
114,14.325,0
115,13.635,0
117,13.683,0
118,12.787,0
125,13.822,0
129,14.406,0
130,13.627,0
133,12.102,0
138,13.597,0
143,13.504,0
144,12.836,0
145,12.409,0
147,12.318,0
153,11.788,0
156,12.738,0
162,12.957,0
167,12.294,0
172,13.695,0
177,14.059,0
178,13.684,0
179,13.240,0
183,12.233,0
190,12.959,0
195,12.386,0
198,12.134,0
200,10.782,0
203,11.020,0
204,10.596,0
205,11.092,0
213,13.624,0
216,13.316,0
218,12.814,0
223,12.447,0
229,11.875,0
230,11.372,0
235,12.506,0
240,12.862,0
242,12.197,0
243,12.435,0
249,13.481,0
253,13.781,0
258,12.150,0
261,12.864,0
266,13.623,0
270,12.949,0
277,13.619,0
284,13.344,0
289,13.195,0
292,13.058,0
299,15.260,0
304,13.678,0
310,13.049,0
312,11.807,0
317,13.057,0
324,13.475,0
327,13.579,0
335,12.766,0
339,12.495,0
344,12.422,0
350,13.666,0
352,12.797,0
355,13.793,0
360,13.760,0
365,13.784,0
369,13.431,0
373,12.583,0
379,13.677,0
386,14.290,0
390,14.745,0
394,13.808,0
399,13.506,0
404,13.028,0
410,14.153,0
415,14.113,0
420,12.741,0
424,13.841,0
426,12.288,0
428,12.332,0
430,12.600,0
431,12.102,0
435,13.742,0
436,13.284,0
438,12.794,0
441,13.674,0
444,12.409,0
445,11.716,0
448,12.897,0
450,12.129,0
456,13.066,0
460,13.083,0
467,13.840,0
471,13.394,0
475,12.858,0
483,14.126,0
490,12.204,0
494,11.884,0
498,13.075,0
499,12.651,0
500,11.777,0
501,11.675,0
510,15.271,0
11,18.968,0
12,21.314,0
17,12.276,0
20,13.552,0
25,13.252,0
27,12.774,0
34,13.407,0
37,12.087,0
38,12.146,0
43,11.924,0
44,11.664,0
49,12.656,0
54,12.883,0
56,24.068,0
58,11.431,0
62,12.526,0
64,13.463,0
69,14.346,0
72,13.568,0
77,12.959,0
81,13.514,0
85,13.641,0
86,12.663,0
93,12.574,0
94,12.073,0
99,13.681,0
105,13.109,0
111,12.281,0
117,12.611,0
121,14.406,0
126,13.309,0
131,13.979,0
133,12.626,0
139,13.516,0
143,12.705,0
148,13.597,0
149,12.743,0
157,12.131,0
164,13.606,0
168,12.691,0
172,11.464,0
177,12.884,0
181,13.677,0
186,13.242,0
190,12.232,0
198,14.985,0
205,13.328,0
210,12.206,0
218,13.626,0
224,14.056,0
227,12.784,0
228,12.101,0
231,12.329,0
237,13.636,0
242,15.654,0
247,14.730,0
250,13.577,0
255,13.097,0
260,11.982,0
262,11.416,0
269,10.748,0
273,11.627,0
275,10.868,0
277,10.605,0
283,14.302,0
288,13.664,0
293,12.193,0
299,12.906,0
309,13.500,0
314,13.093,0
320,12.514,0
325,13.675,0
328,13.222,0
333,13.586,0
338,13.173,0
342,13.272,0
348,12.485,0
357,12.874,0
363,14.185,0
368,13.698,0
378,13.595,0
380,12.648,0
384,12.377,0
401,10.700,0
417,11.610,0
424,14.753,0
431,12.908,0
441,14.177,0
450,13.489,0
467,10.588,0
479,10.799,0
489,12.870,0
500,14.116,0
11,18.984,0
15,11.025,0
18,21.427,0
20,23.514,0
27,13.500,0
32,12.353,0
35,13.362,0
41,14.959,0
46,14.398,0
50,12.455,0
55,12.448,0
60,13.769,0
61,13.571,0
66,13.354,0
71,14.082,0
73,12.393,0
77,12.056,0
82,11.642,0
87,12.467,0
96,11.913,0
103,13.425,0
108,13.930,0
114,13.938,0
119,14.780,0
124,13.443,0
129,12.588,0
133,11.949,0
138,12.642,0
143,14.684,0
149,14.043,0
151,13.407,0
157,13.505,0
163,15.118,0
164,14.581,0
170,13.254,0
176,14.825,0
180,14.024,0
183,13.391,0
189,17.753,0
192,13.618,0
197,14.056,0
198,13.357,0
206,12.522,0
207,12.165,0
212,13.784,0
218,12.626,0
224,14.043,0
227,13.502,0
232,14.839,0
236,13.482,0
239,12.611,0
244,12.653,0
250,14.823,0
256,15.514,0
261,13.969,0
265,13.393,0
270,12.927,0
280,14.653,0
284,14.156,0
289,12.238,0
293,12.615,0
297,11.527,0
301,12.652,0
304,12.084,0
310,12.828,0
315,13.766,0
321,12.840,0
322,12.611,0
323,11.959,0
327,13.549,0
331,13.326,0
333,12.106,0
340,13.913,0
346,14.729,0
347,13.789,0
356,12.670,0
362,12.280,0
365,13.551,0
369,10.589,0
378,13.624,0
383,11.458,0
389,12.704,0
394,12.180,0
405,12.643,0
410,13.391,0
416,14.539,0
427,13.336,0
436,13.362,0
438,12.020,0
452,10.487,0
463,14.491,0
466,12.608,0
473,13.835,0
489,12.019,0
505,11.425,0
11,18.759,0
12,21.591,0
17,13.584,0
21,13.007,0
23,12.318,0
29,16.265,0
31,14.099,0
37,12.217,0
38,11.451,0
41,11.154,0
43,10.878,0
45,10.992,0
49,12.169,0
55,24.355,0
58,12.349,0
59,11.644,0
65,13.726,0
67,13.433,0
73,14.377,0
77,13.789,0
83,14.223,0
88,13.734,0
94,13.684,0
97,12.912,0
102,13.695,0
104,12.874,0
108,14.119,0
114,13.646,0
116,12.306,0
123,14.450,0
128,12.974,0
133,14.315,0
138,14.443,0
144,13.183,0
148,13.902,0
149,12.863,0
152,11.841,0
160,14.084,0
165,12.784,0
170,14.255,0
178,12.482,0
180,12.522,0
183,12.382,0
184,11.641,0
186,11.885,0
191,12.916,0
193,12.444,0
200,14.331,0
207,14.260,0
210,13.850,0
215,15.371,0
216,14.158,0
220,14.968,0
226,14.268,0
228,14.092,0
232,14.208,0
236,12.952,0
239,12.404,0
242,11.932,0
248,13.826,0
255,12.738,0
261,12.841,0
266,12.446,0
267,11.971,0
272,12.952,0
275,13.889,0
283,13.315,0
289,14.234,0
295,14.500,0
301,14.503,0
306,14.163,0
311,12.392,0
315,12.573,0
322,14.225,0
325,13.818,0
331,13.808,0
337,15.086,0
341,13.793,0
348,14.270,0
351,12.404,0
356,11.703,0
360,13.011,0
362,12.930,0
366,14.019,0
370,12.503,0
375,12.947,0
377,12.510,0
381,12.999,0
386,12.718,0
391,13.664,0
396,14.490,0
398,13.773,0
408,12.395,0
412,13.030,0
422,12.538,0
426,12.548,0
428,11.111,0
432,13.020,0
434,13.234,0
441,12.758,0
444,12.457,0
449,12.933,0
453,14.425,0
456,12.622,0
460,12.977,0
463,11.835,0
464,11.987,0
468,11.718,0
473,13.082,0
478,12.360,0
483,14.195,0
490,12.515,0
497,14.060,0
505,12.691,0
508,13.012,0
11,18.100,0
15,21.518,0
19,11.636,0
25,11.397,0
29,13.020,0
33,11.973,0
36,23.314,0
43,12.514,0
46,11.711,0
48,12.103,0
51,12.200,0
57,13.711,0
59,23.249,0
65,13.696,0
69,14.303,0
75,15.038,0
80,16.487,0
84,14.722,0
85,14.070,0
90,13.739,0
92,12.501,0
97,13.938,0
101,14.082,0
106,12.774,0
111,12.649,0
113,12.545,0
114,11.994,0
117,11.591,0
120,14.028,0
121,10.864,0
127,12.913,0
131,12.189,0
136,13.612,0
139,12.732,0
144,13.592,0
148,12.787,0
154,13.684,0
159,14.950,0
165,15.512,0
168,14.014,0
172,13.699,0
176,13.457,0
180,13.813,0
181,12.601,0
185,13.562,0
190,14.402,0
195,12.844,0
196,12.336,0
199,12.760,0
205,13.841,0
207,12.758,0
211,13.631,0
215,13.098,0
219,13.753,0
222,12.650,0
226,12.820,0
232,12.390,0
233,12.337,0
235,11.724,0
240,10.987,0
245,12.917,0
252,13.696,0
258,14.267,0
262,14.130,0
263,13.552,0
266,12.429,0
269,11.643,0
270,11.491,0
280,12.904,0
283,12.212,0
286,12.315,0
291,12.113,0
297,11.683,0
300,11.385,0
302,11.048,0
306,11.853,0
308,12.615,0
309,11.893,0
312,11.538,0
317,11.583,0
323,13.065,0
327,14.971,0
329,13.715,0
332,13.237,0
337,14.199,0
341,15.109,0
347,12.507,0
353,13.786,0
355,12.841,0
359,12.440,0
364,13.000,0
368,18.441,0
374,14.597,0
378,15.252,0
382,14.516,0
387,15.725,0
393,14.273,0
398,14.264,0
401,13.913,0
405,13.898,0
407,12.411,0
411,12.145,0
415,13.116,0
420,14.866,0
424,14.400,0
429,14.274,0
432,13.883,0
436,11.743,0
440,13.163,0
444,12.771,0
449,12.451,0
452,11.797,0
457,12.749,0
458,11.850,0
461,11.147,0
464,11.877,0
469,14.507,0
475,13.886,0
482,13.838,0
487,14.312,0
493,14.304,0
499,13.927,0
500,13.175,0
506,12.581,0
11,18.546,0
13,19.392,0
17,23.949,0
23,13.979,0
26,12.701,0
30,13.629,0
34,14.292,0
40,15.176,0
41,13.873,0
46,12.756,0
52,13.998,0
54,12.651,0
57,24.018,0
61,12.160,0
66,12.044,0
67,12.460,0
70,11.684,0
73,11.768,0
79,13.751,0
84,12.902,0
88,12.327,0
92,12.911,0
99,13.885,0
103,12.585,0
105,12.461,0
106,12.011,0
109,12.496,0
114,12.543,0
115,12.441,0
117,11.729,0
121,11.488,0
128,14.163,0
131,12.884,0
136,14.244,0
137,13.443,0
138,13.595,0
139,12.665,0
140,12.889,0
143,12.327,0
148,14.194,0
152,13.691,0
154,13.507,0
158,13.933,0
161,14.047,0
162,13.560,0
164,12.170,0
171,13.797,0
174,11.891,0
180,12.784,0
185,13.825,0
191,12.722,0
195,13.666,0
200,14.145,0
201,13.550,0
205,12.679,0
209,12.871,0
211,12.633,0
213,11.674,0
218,13.622,0
222,14.967,0
223,14.200,0
226,13.731,0
228,12.260,0
231,11.791,0
236,12.935,0
239,12.428,0
244,13.098,0
249,14.107,0
254,13.628,0
258,13.713,0
260,12.489,0
263,11.934,0
264,11.758,0
267,11.805,0
271,13.101,0
276,14.438,0
284,13.615,0
288,14.182,0
291,14.222,0
293,13.077,0
299,11.831,0
304,13.937,0
309,12.982,0
311,13.016,0
316,13.677,0
323,15.688,0
329,12.194,0
333,12.917,0
335,12.177,0
337,12.514,0
343,14.352,0
347,13.444,0
352,15.770,0
356,14.738,0
358,14.318,0
360,12.896,0
363,12.527,0
367,11.759,0
376,12.498,0
380,12.969,0
384,12.316,0
387,13.069,0
393,13.822,0
398,14.242,0
411,11.902,0
418,11.413,0
423,13.861,0
425,13.000,0
430,12.712,0
442,14.384,0
446,14.042,0
452,13.387,0
457,13.935,0
459,12.580,0
463,12.596,0
467,12.586,0
472,13.941,0
473,12.748,0
475,12.255,0
485,12.973,0
490,14.476,0
493,12.819,0
499,13.972,0
501,12.902,0
503,11.857,0
11,19.887,0
14,11.695,0
16,21.977,0
20,12.651,0
21,13.013,0
28,25.436,0
31,12.772,0
36,13.088,0
40,13.003,0
45,14.243,0
47,13.147,0
48,12.573,0
52,13.098,0
57,14.691,0
61,13.856,0
67,15.348,0
73,13.801,0
74,13.844,0
77,12.474,0
81,13.940,0
85,14.904,0
88,13.765,0
91,14.397,0
92,13.844,0
93,13.020,0
98,14.940,0
99,14.340,0
104,14.336,0
109,15.938,0
113,14.271,0
119,13.001,0
121,11.929,0
125,11.704,0
131,12.716,0
133,12.347,0
135,11.958,0
139,12.391,0
142,12.416,0
145,13.016,0
148,13.014,0
151,12.898,0
157,12.450,0
161,13.196,0
164,12.606,0
165,12.363,0
168,12.244,0
172,12.349,0
177,13.152,0
182,12.958,0
185,13.015,0
190,13.871,0
195,15.656,0
200,14.216,0
204,13.908,0
206,13.869,0
211,14.002,0
216,13.626,0
221,13.961,0
223,13.234,0
229,14.562,0
233,13.784,0
237,13.788,0
238,13.070,0
242,12.521,0
245,12.057,0
246,12.556,0
248,11.649,0
254,13.328,0
258,14.433,0
262,13.836,0
268,13.810,0
273,14.081,0
277,12.406,0
281,14.084,0
287,12.963,0
288,14.442,0
289,12.177,0
294,12.981,0
299,14.006,0
304,12.802,0
311,13.832,0
312,13.117,0
318,13.221,0
321,12.512,0
324,13.286,0
330,14.827,0
333,12.777,0
337,12.216,0
341,12.093,0
349,13.066,0
354,13.119,0
359,13.104,0
361,12.766,0
362,12.320,0
365,12.441,0
370,13.242,0
373,12.008,0
381,12.525,0
387,13.904,0
393,14.651,0
400,15.310,0
405,14.044,0
409,13.296,0
414,12.852,0
416,11.988,0
422,13.062,0
427,13.943,0
433,13.267,0
436,12.659,0
440,13.298,0
443,12.882,0
445,13.484,0
450,12.565,0
455,13.941,0
460,13.176,0
464,12.815,0
468,13.987,0
469,13.103,0
474,14.612,0
478,14.015,0
479,13.224,0
484,14.480,0
486,13.692,0
495,13.939,0
500,13.641,0
502,13.077,0
507,12.726,0
508,12.717,0
